ID,Name,compatibleWepTypes,defaultAffinity,allowedAffinities,convergence_affinities,convergence_compatibleWepTypes,convergence_defaultAffinity
-1,None,,,,,,
10000,Ash of War: Lion's Claw,SwordNormal|SwordLarge|SwordGigantic|SaberNormal|SaberLarge|katana|SwordDoubleEdge|AxeNormal|AxeLarge|HammerNormal|HammerLarge|Flail|AxhammerLarge|LightGreatsword|GreatKatana,Heavy,Standard|Heavy|Keen|Quality|Fire|Flame Art|Lightning|Sacred|Magic|Cold|Poison|Blood|Occult,Standard|Heavy|Keen|Quality|Glint|Dragonkin|Gravity|Flame|Golden|Draconic|Bestial|Night|Lava|Frenzy|Death|Godslayer|Frost|Aberrant|Bloodflame|Rotten|Storm|Psionic,AxeLarge|AxeNormal|AxhammerLarge|Flail|GreatKatana|HammerLarge|HammerNormal|LightGreatsword|SaberLarge|SaberNormal|SwordDoubleEdge|SwordGigantic|SwordLarge|SwordNormal|katana,Heavy
10100,Ash of War: Impaling Thrust,Dagger|SwordNormal|SwordLarge|katana|SwordDoubleEdge|SwordPierce|RapierHeavy|SpearNormal|SpearHeavy|SpearAxe|Claw|ThrustingShield|ThrowingWeapon|LightGreatsword|GreatKatana,Keen,Standard|Heavy|Keen|Quality|Fire|Flame Art|Lightning|Sacred|Magic|Cold|Poison|Blood|Occult,Standard|Heavy|Keen|Quality|Glint|Dragonkin|Gravity|Flame|Golden|Draconic|Bestial|Night|Lava|Frenzy|Death|Godslayer|Frost|Aberrant|Bloodflame|Rotten|Storm|Psionic,Claw|Dagger|GreatKatana|LightGreatsword|RapierHeavy|SpearAxe|SpearHeavy|SpearNormal|SwordDoubleEdge|SwordLarge|SwordNormal|SwordPierce|ThrowingWeapon|ThrustingShield|katana,Keen
10200,Ash of War: Piercing Fang,SwordNormal|SwordLarge|katana|SwordDoubleEdge|SwordPierce|RapierHeavy|SpearNormal|SpearHeavy|SpearAxe|ThrustingShield|LightGreatsword|GreatKatana,Keen,Standard|Heavy|Keen|Quality|Fire|Flame Art|Lightning|Sacred|Magic|Cold|Poison|Blood|Occult,Standard|Heavy|Keen|Quality|Glint|Dragonkin|Gravity|Flame|Golden|Draconic|Bestial|Night|Lava|Frenzy|Death|Godslayer|Frost|Aberrant|Bloodflame|Rotten|Storm|Psionic,GreatKatana|LightGreatsword|RapierHeavy|SpearAxe|SpearHeavy|SpearNormal|SwordDoubleEdge|SwordLarge|SwordNormal|SwordPierce|ThrustingShield|katana,Keen
10300,Ash of War: Spinning Slash,Dagger|SwordNormal|SwordLarge|SaberNormal|SaberLarge|katana|SwordDoubleEdge|AxeNormal|AxeLarge|SpearNormal|SpearHeavy|SpearAxe|Sickle|ThrowingWeapon|ReverseHandSword|LightGreatsword|GreatKatana,Keen,Standard|Heavy|Keen|Quality|Fire|Flame Art|Lightning|Sacred|Magic|Cold|Poison|Blood|Occult,Standard|Heavy|Keen|Quality|Glint|Dragonkin|Gravity|Flame|Golden|Draconic|Bestial|Night|Lava|Frenzy|Death|Godslayer|Frost|Aberrant|Bloodflame|Rotten|Storm|Psionic,AxeLarge|AxeNormal|Dagger|GreatKatana|LightGreatsword|ReverseHandSword|SaberLarge|SaberNormal|Sickle|SpearAxe|SpearHeavy|SpearNormal|SwordDoubleEdge|SwordLarge|SwordNormal|ThrowingWeapon|katana,Keen
10500,Ash of War: Charge Forth,SwordDoubleEdge|RapierHeavy|SpearNormal|SpearHeavy|SpearAxe|ThrustingShield,Quality,Standard|Heavy|Keen|Quality|Fire|Flame Art|Lightning|Sacred|Magic|Cold|Poison|Blood|Occult,Standard|Heavy|Keen|Quality|Glint|Dragonkin|Gravity|Flame|Golden|Draconic|Bestial|Night|Lava|Frenzy|Death|Godslayer|Frost|Aberrant|Bloodflame|Rotten|Storm|Psionic,RapierHeavy|SpearAxe|SpearHeavy|SpearNormal|SwordDoubleEdge|ThrustingShield,Quality
10600,Ash of War: Stamp (Upward Cut),SwordLarge|SwordGigantic|SaberLarge|RapierHeavy|AxeNormal|AxeLarge|HammerNormal|HammerLarge|Flail|AxhammerLarge|GreatKatana,Heavy,Standard|Heavy|Keen|Quality|Fire|Flame Art|Lightning|Sacred|Magic|Cold|Poison|Blood|Occult,Standard|Heavy|Keen|Quality|Glint|Dragonkin|Gravity|Flame|Golden|Draconic|Bestial|Night|Lava|Frenzy|Death|Godslayer|Frost|Aberrant|Bloodflame|Rotten|Storm|Psionic,AxeLarge|AxeNormal|AxhammerLarge|Flail|GreatKatana|HammerLarge|HammerNormal|RapierHeavy|SaberLarge|SwordGigantic|SwordLarge,Heavy
10700,Ash of War: Stamp (Sweep),SwordLarge|SwordGigantic|SaberLarge|RapierHeavy|AxeNormal|AxeLarge|HammerNormal|HammerLarge|Flail|AxhammerLarge|GreatKatana,Heavy,Standard|Heavy|Keen|Quality|Fire|Flame Art|Lightning|Sacred|Magic|Cold|Poison|Blood|Occult,Standard|Heavy|Keen|Quality|Glint|Dragonkin|Gravity|Flame|Golden|Draconic|Bestial|Night|Lava|Frenzy|Death|Godslayer|Frost|Aberrant|Bloodflame|Rotten|Storm|Psionic,AxeLarge|AxeNormal|AxhammerLarge|Flail|GreatKatana|HammerLarge|HammerNormal|RapierHeavy|SaberLarge|SwordGigantic|SwordLarge,Heavy
10800,Ash of War: Blood Tax,Dagger|SwordNormal|SwordLarge|katana|SwordDoubleEdge|SwordPierce|RapierHeavy|SpearNormal|SpearHeavy|SpearAxe|ThrustingShield|ThrowingWeapon|LightGreatsword|GreatKatana,Blood,Standard|Heavy|Keen|Quality|Poison|Blood|Occult,Standard|Heavy|Keen|Quality|Glint|Dragonkin|Gravity|Flame|Golden|Draconic|Bestial|Night|Lava|Frenzy|Death|Godslayer|Frost|Aberrant|Bloodflame|Rotten|Storm|Psionic,Dagger|GreatKatana|LightGreatsword|RapierHeavy|SpearAxe|SpearHeavy|SpearNormal|SwordDoubleEdge|SwordLarge|SwordNormal|SwordPierce|ThrowingWeapon|ThrustingShield|katana,Standard
10900,Ash of War: Repeating Thrust,Dagger|SwordNormal|SwordLarge|katana|SwordDoubleEdge|SwordPierce|RapierHeavy|SpearNormal|SpearHeavy|SpearAxe|ThrustingShield|ThrowingWeapon|LightGreatsword|GreatKatana,Keen,Standard|Heavy|Keen|Quality|Fire|Flame Art|Lightning|Sacred|Magic|Cold|Poison|Blood|Occult,Standard|Heavy|Keen|Quality|Glint|Dragonkin|Gravity|Flame|Golden|Draconic|Bestial|Night|Lava|Frenzy|Death|Godslayer|Frost|Aberrant|Bloodflame|Rotten|Storm|Psionic,Dagger|GreatKatana|LightGreatsword|RapierHeavy|SpearAxe|SpearHeavy|SpearNormal|SwordDoubleEdge|SwordLarge|SwordNormal|SwordPierce|ThrowingWeapon|ThrustingShield|katana,Keen
11000,Ash of War: Wild Strikes,SwordLarge|SaberNormal|SaberLarge|AxeNormal|AxeLarge|HammerNormal|HammerLarge|Flail|GreatKatana,Heavy,Standard|Heavy|Keen|Quality|Fire|Flame Art|Lightning|Sacred|Magic|Cold|Poison|Blood|Occult,Standard|Heavy|Keen|Quality|Glint|Dragonkin|Gravity|Flame|Golden|Draconic|Bestial|Night|Lava|Frenzy|Death|Godslayer|Frost|Aberrant|Bloodflame|Rotten|Storm|Psionic,AxeLarge|AxeNormal|Flail|GreatKatana|HammerLarge|HammerNormal|SaberLarge|SaberNormal|SwordLarge,Heavy
11100,Ash of War: Spinning Strikes,SpearNormal|SpearAxe|Sickle,Quality,Standard|Heavy|Keen|Quality|Fire|Flame Art|Lightning|Sacred|Magic|Cold|Poison|Blood|Occult,Standard|Heavy|Keen|Quality|Glint|Dragonkin|Gravity|Flame|Golden|Draconic|Bestial|Night|Lava|Frenzy|Death|Godslayer|Frost|Aberrant|Bloodflame|Rotten|Storm|Psionic,Sickle|SpearAxe|SpearNormal,Quality
11200,Ash of War: Double Slash,Dagger|SwordNormal|SwordLarge|SaberNormal|SaberLarge|katana|SwordDoubleEdge|SpearAxe|Sickle|ThrowingWeapon|LightGreatsword|GreatKatana,Keen,Standard|Heavy|Keen|Quality|Fire|Flame Art|Lightning|Sacred|Magic|Cold|Poison|Blood|Occult,Standard|Heavy|Keen|Quality|Glint|Dragonkin|Gravity|Flame|Golden|Draconic|Bestial|Night|Lava|Frenzy|Death|Godslayer|Frost|Aberrant|Bloodflame|Rotten|Storm|Psionic,Dagger|GreatKatana|LightGreatsword|SaberLarge|SaberNormal|Sickle|SpearAxe|SwordDoubleEdge|SwordLarge|SwordNormal|ThrowingWeapon|katana,Keen
11300,Ash of War: Prelate's Charge,AxeLarge|HammerLarge|AxhammerLarge,Flame Art,Standard|Heavy|Keen|Quality|Fire|Flame Art,Standard|Heavy|Keen|Quality|Glint|Dragonkin|Gravity|Flame|Golden|Draconic|Bestial|Night|Lava|Frenzy|Death|Godslayer|Frost|Aberrant|Bloodflame|Rotten|Storm|Psionic,AxeLarge|AxhammerLarge|HammerLarge,Lava
11400,Ash of War: Unsheathe,katana,Keen,Standard|Heavy|Keen|Quality|Fire|Flame Art|Lightning|Sacred|Magic|Cold|Poison|Blood|Occult,Standard|Heavy|Keen|Quality|Glint|Dragonkin|Gravity|Flame|Golden|Draconic|Bestial|Night|Lava|Frenzy|Death|Godslayer|Frost|Aberrant|Bloodflame|Rotten|Storm|Psionic,katana,Keen
11500,Ash of War: Square Off,SwordNormal,Quality,Standard|Heavy|Keen|Quality|Fire|Flame Art|Lightning|Sacred|Magic|Cold|Poison|Blood|Occult,Standard|Heavy|Keen|Quality|Glint|Dragonkin|Gravity|Flame|Golden|Draconic|Bestial|Night|Lava|Frenzy|Death|Godslayer|Frost|Aberrant|Bloodflame|Rotten|Storm|Psionic,SwordNormal,Quality
11600,Ash of War: Giant Hunt,SwordLarge|SwordGigantic|SwordDoubleEdge|RapierHeavy|SpearNormal|SpearHeavy|SpearAxe|ThrustingShield|GreatKatana,Quality,Standard|Heavy|Keen|Quality|Fire|Flame Art|Lightning|Sacred|Magic|Cold|Poison|Blood|Occult,Standard|Heavy|Keen|Quality|Glint|Dragonkin|Gravity|Flame|Golden|Draconic|Bestial|Night|Lava|Frenzy|Death|Godslayer|Frost|Aberrant|Bloodflame|Rotten|Storm|Psionic,GreatKatana|RapierHeavy|SpearAxe|SpearHeavy|SpearNormal|SwordDoubleEdge|SwordGigantic|SwordLarge|ThrustingShield,Quality
11800,Ash of War: Loretta's Slash,SwordDoubleEdge|SpearNormal|SpearHeavy|SpearAxe|Sickle,Magic,Standard|Heavy|Keen|Quality|Magic|Cold,Standard|Heavy|Keen|Quality|Glint|Dragonkin|Gravity|Flame|Golden|Draconic|Bestial|Night|Lava|Frenzy|Death|Godslayer|Frost|Aberrant|Bloodflame|Rotten|Storm|Psionic,Sickle|SpearAxe|SpearHeavy|SpearNormal|SwordDoubleEdge,Glint
11900,Ash of War: Poison Moth Flight,Dagger|SwordNormal|SaberNormal|katana|SwordPierce|ThrowingWeapon|ReverseHandSword|LightGreatsword,Poison,Standard|Heavy|Keen|Quality|Poison|Blood|Occult,Standard|Heavy|Keen|Quality|Glint|Dragonkin|Gravity|Flame|Golden|Draconic|Bestial|Night|Lava|Frenzy|Death|Godslayer|Frost|Aberrant|Bloodflame|Rotten|Storm|Psionic,Dagger|LightGreatsword|ReverseHandSword|SaberNormal|SwordNormal|SwordPierce|ThrowingWeapon|katana,Rotten
12000,Ash of War: Spinning Weapon,Dagger|SwordNormal|SaberNormal|katana|SwordDoubleEdge|SwordPierce|AxeNormal|HammerNormal|Flail|SpearNormal|SpearAxe|Sickle|Staff|ThrustingShield|ThrowingWeapon|ReverseHandSword|LightGreatsword|GreatKatana,Magic,Standard|Heavy|Keen|Quality|Magic|Cold,Standard|Heavy|Keen|Quality|Glint|Dragonkin|Gravity|Flame|Golden|Draconic|Bestial|Night|Lava|Frenzy|Death|Godslayer|Frost|Aberrant|Bloodflame|Rotten|Storm|Psionic,AxeNormal|Dagger|Flail|GreatKatana|HammerNormal|LightGreatsword|ReverseHandSword|SaberNormal|Sickle|SpearAxe|SpearNormal|Staff|SwordDoubleEdge|SwordNormal|SwordPierce|ThrowingWeapon|ThrustingShield|katana,Glint
12200,Ash of War: Storm Assault,SwordDoubleEdge|RapierHeavy|SpearNormal|SpearHeavy|SpearAxe|ThrustingShield,Quality,Standard|Heavy|Keen|Quality|Fire|Flame Art|Lightning|Sacred|Magic|Cold|Poison|Blood|Occult,Standard|Heavy|Keen|Quality|Glint|Dragonkin|Gravity|Flame|Golden|Draconic|Bestial|Night|Lava|Frenzy|Death|Godslayer|Frost|Aberrant|Bloodflame|Rotten|Storm|Psionic,RapierHeavy|SpearAxe|SpearHeavy|SpearNormal|SwordDoubleEdge|ThrustingShield,Storm
12300,Ash of War: Stormcaller,SwordNormal|SwordLarge|SaberNormal|SaberLarge|katana|SwordDoubleEdge|AxeNormal|AxeLarge|HammerNormal|HammerLarge|Flail|SpearNormal|SpearHeavy|SpearAxe|Sickle|LightGreatsword|GreatKatana,Quality,Standard|Heavy|Keen|Quality|Fire|Flame Art|Lightning|Sacred|Magic|Cold|Poison|Blood|Occult,Standard|Heavy|Keen|Quality|Glint|Dragonkin|Gravity|Flame|Golden|Draconic|Bestial|Night|Lava|Frenzy|Death|Godslayer|Frost|Aberrant|Bloodflame|Rotten|Storm|Psionic,AxeLarge|AxeNormal|Flail|GreatKatana|HammerLarge|HammerNormal|LightGreatsword|SaberLarge|SaberNormal|Sickle|SpearAxe|SpearHeavy|SpearNormal|SwordDoubleEdge|SwordLarge|SwordNormal|katana,Storm
12400,Ash of War: Sword Dance,Dagger|SwordNormal|SwordLarge|SaberNormal|SaberLarge|katana|SwordDoubleEdge|AxeNormal|AxeLarge|SpearNormal|SpearAxe|Sickle|ThrowingWeapon|ReverseHandSword|LightGreatsword|GreatKatana,Keen,Standard|Heavy|Keen|Quality|Fire|Flame Art|Lightning|Sacred|Magic|Cold|Poison|Blood|Occult,Standard|Heavy|Keen|Quality|Glint|Dragonkin|Gravity|Flame|Golden|Draconic|Bestial|Night|Lava|Frenzy|Death|Godslayer|Frost|Aberrant|Bloodflame|Rotten|Storm|Psionic,AxeLarge|AxeNormal|Dagger|GreatKatana|LightGreatsword|ReverseHandSword|SaberLarge|SaberNormal|Sickle|SpearAxe|SpearNormal|SwordDoubleEdge|SwordLarge|SwordNormal|ThrowingWeapon|katana,Keen
20000,Ash of War: Glintblade Phalanx,Dagger|SwordNormal|SwordLarge|SaberNormal|SaberLarge|katana|SwordDoubleEdge|SwordPierce|RapierHeavy|SpearNormal|SpearHeavy|SpearAxe|ThrustingShield|ThrowingWeapon|LightGreatsword|GreatKatana,Magic,Standard|Heavy|Keen|Quality|Magic|Cold,Standard|Heavy|Keen|Quality|Glint|Dragonkin|Gravity|Flame|Golden|Draconic|Bestial|Night|Lava|Frenzy|Death|Godslayer|Frost|Aberrant|Bloodflame|Rotten|Storm|Psionic,Dagger|GreatKatana|LightGreatsword|RapierHeavy|SaberLarge|SaberNormal|SpearAxe|SpearHeavy|SpearNormal|SwordDoubleEdge|SwordLarge|SwordNormal|SwordPierce|ThrowingWeapon|ThrustingShield|katana,Glint
20100,Ash of War: Sacred Blade,Dagger|SwordNormal|SwordLarge|SwordGigantic|SaberNormal|SaberLarge|katana|SwordDoubleEdge|SwordPierce|RapierHeavy|AxeNormal|AxeLarge|HammerNormal|HammerLarge|Flail|SpearNormal|SpearHeavy|SpearAxe|Sickle|AxhammerLarge|ThrustingShield|LightGreatsword|GreatKatana,Sacred,Standard|Heavy|Keen|Quality|Lightning|Sacred,Standard|Heavy|Keen|Quality|Glint|Dragonkin|Gravity|Flame|Golden|Draconic|Bestial|Night|Lava|Frenzy|Death|Godslayer|Frost|Aberrant|Bloodflame|Rotten|Storm|Psionic,AxeLarge|AxeNormal|AxhammerLarge|Dagger|Flail|GreatKatana|HammerLarge|HammerNormal|LightGreatsword|RapierHeavy|SaberLarge|SaberNormal|Sickle|SpearAxe|SpearHeavy|SpearNormal|SwordDoubleEdge|SwordGigantic|SwordLarge|SwordNormal|SwordPierce|ThrustingShield|katana,Golden
20200,Ash of War: Ice Spear,SwordDoubleEdge|SpearNormal|SpearHeavy|SpearAxe,Cold,Standard|Heavy|Keen|Quality|Magic|Cold,Standard|Heavy|Keen|Quality|Glint|Dragonkin|Gravity|Flame|Golden|Draconic|Bestial|Night|Lava|Frenzy|Death|Godslayer|Frost|Aberrant|Bloodflame|Rotten|Storm|Psionic,SpearAxe|SpearHeavy|SpearNormal|SwordDoubleEdge,Frost
20300,Ash of War: Glintstone Pebble,Dagger|SwordNormal|SwordLarge|SaberNormal|SaberLarge|katana|SwordDoubleEdge|SwordPierce|RapierHeavy|SpearNormal|SpearHeavy|SpearAxe|ThrustingShield|ThrowingWeapon|LightGreatsword|GreatKatana,Magic,Standard|Heavy|Keen|Quality|Magic|Cold,Standard|Heavy|Keen|Quality|Glint|Dragonkin|Gravity|Flame|Golden|Draconic|Bestial|Night|Lava|Frenzy|Death|Godslayer|Frost|Aberrant|Bloodflame|Rotten|Storm|Psionic,Dagger|GreatKatana|LightGreatsword|RapierHeavy|SaberLarge|SaberNormal|SpearAxe|SpearHeavy|SpearNormal|SwordDoubleEdge|SwordLarge|SwordNormal|SwordPierce|ThrowingWeapon|ThrustingShield|katana,Glint
20400,Ash of War: Bloody Slash,Dagger|SwordNormal|SwordLarge|SaberNormal|SaberLarge|katana|SwordDoubleEdge|SwordPierce|RapierHeavy|ThrowingWeapon|LightGreatsword|GreatKatana,Blood,Standard|Heavy|Keen|Quality|Poison|Blood|Occult,Standard|Heavy|Keen|Quality|Glint|Dragonkin|Gravity|Flame|Golden|Draconic|Bestial|Night|Lava|Frenzy|Death|Godslayer|Frost|Aberrant|Bloodflame|Rotten|Storm|Psionic,Dagger|GreatKatana|LightGreatsword|RapierHeavy|SaberLarge|SaberNormal|SwordDoubleEdge|SwordLarge|SwordNormal|SwordPierce|ThrowingWeapon|katana,Aberrant
20500,Ash of War: Lifesteal Fist,Knuckle|Claw|HandToHand|BeastClaw,Occult,Standard|Heavy|Keen|Quality|Poison|Blood|Occult,Standard|Heavy|Keen|Quality|Glint|Dragonkin|Gravity|Flame|Golden|Draconic|Bestial|Night|Lava|Frenzy|Death|Godslayer|Frost|Aberrant|Bloodflame|Rotten|Storm|Psionic,BeastClaw|Claw|HandToHand|Knuckle,Bloodflame
20700,Ash of War: Eruption,SwordLarge|SwordGigantic|SaberLarge|RapierHeavy|AxeLarge|HammerLarge|AxhammerLarge|GreatKatana,Fire,Standard|Heavy|Keen|Quality|Fire|Flame Art,Standard|Heavy|Keen|Quality|Glint|Dragonkin|Gravity|Flame|Golden|Draconic|Bestial|Night|Lava|Frenzy|Death|Godslayer|Frost|Aberrant|Bloodflame|Rotten|Storm|Psionic,AxeLarge|AxhammerLarge|GreatKatana|HammerLarge|RapierHeavy|SaberLarge|SwordGigantic|SwordLarge,Flame
20800,Ash of War: Prayerful Strike,AxeNormal|AxeLarge|HammerNormal|HammerLarge|Flail|AxhammerLarge,Sacred,Standard|Heavy|Keen|Quality|Lightning|Sacred,Standard|Heavy|Keen|Quality|Glint|Dragonkin|Gravity|Flame|Golden|Draconic|Bestial|Night|Lava|Frenzy|Death|Godslayer|Frost|Aberrant|Bloodflame|Rotten|Storm|Psionic,AxeLarge|AxeNormal|AxhammerLarge|Flail|HammerLarge|HammerNormal,Golden
20900,Ash of War: Gravitas,SwordNormal|SwordLarge|SwordGigantic|SaberNormal|SaberLarge|katana|SwordDoubleEdge|SwordPierce|RapierHeavy|AxeNormal|AxeLarge|HammerNormal|HammerLarge|Flail|SpearNormal|SpearHeavy|SpearAxe|Sickle|AxhammerLarge|ThrustingShield|ReverseHandSword|LightGreatsword|GreatKatana,Magic,Standard|Heavy|Keen|Quality|Magic|Cold,Standard|Heavy|Keen|Quality|Glint|Dragonkin|Gravity|Flame|Golden|Draconic|Bestial|Night|Lava|Frenzy|Death|Godslayer|Frost|Aberrant|Bloodflame|Rotten|Storm|Psionic,AxeLarge|AxeNormal|AxhammerLarge|Flail|GreatKatana|HammerLarge|HammerNormal|LightGreatsword|RapierHeavy|ReverseHandSword|SaberLarge|SaberNormal|Sickle|SpearAxe|SpearHeavy|SpearNormal|SwordDoubleEdge|SwordGigantic|SwordLarge|SwordNormal|SwordPierce|ThrustingShield|katana,Gravity
21000,Ash of War: Storm Blade,Dagger|SwordNormal|SwordLarge|SaberNormal|SaberLarge|katana|SwordPierce|RapierHeavy|ThrowingWeapon|LightGreatsword|GreatKatana,Quality,Standard|Heavy|Keen|Quality|Fire|Flame Art|Lightning|Sacred|Magic|Cold|Poison|Blood|Occult,Standard|Heavy|Keen|Quality|Glint|Dragonkin|Gravity|Flame|Golden|Draconic|Bestial|Night|Lava|Frenzy|Death|Godslayer|Frost|Aberrant|Bloodflame|Rotten|Storm|Psionic,Dagger|GreatKatana|LightGreatsword|RapierHeavy|SaberLarge|SaberNormal|SwordLarge|SwordNormal|SwordPierce|ThrowingWeapon|katana,Storm
21200,Ash of War: Earthshaker,SwordGigantic|AxeLarge|HammerLarge|SpearHeavy|AxhammerLarge,Heavy,Standard|Heavy|Keen|Quality|Fire|Flame Art|Lightning|Sacred|Magic|Cold|Poison|Blood|Occult,Standard|Heavy|Keen|Quality|Glint|Dragonkin|Gravity|Flame|Golden|Draconic|Bestial|Night|Lava|Frenzy|Death|Godslayer|Frost|Aberrant|Bloodflame|Rotten|Storm|Psionic,AxeLarge|AxhammerLarge|HammerLarge|SpearHeavy|SwordGigantic,Heavy
21300,Ash of War: Golden Land,SwordGigantic|AxeLarge|HammerLarge|SpearHeavy|AxhammerLarge,Sacred,Standard|Heavy|Keen|Quality|Lightning|Sacred,Standard|Heavy|Keen|Quality|Glint|Dragonkin|Gravity|Flame|Golden|Draconic|Bestial|Night|Lava|Frenzy|Death|Godslayer|Frost|Aberrant|Bloodflame|Rotten|Storm|Psionic,AxeLarge|AxhammerLarge|HammerLarge|SpearHeavy|SwordGigantic,Golden
21400,Ash of War: Flaming Strike,Dagger|SwordNormal|SwordLarge|SaberNormal|SaberLarge|katana|SwordDoubleEdge|SwordPierce|RapierHeavy|AxeNormal|AxeLarge|HammerNormal|HammerLarge|Flail|SpearNormal|SpearHeavy|SpearAxe|Sickle|Knuckle|Claw|ThrustingShield|ReverseHandSword|LightGreatsword|GreatKatana|BeastClaw,Fire,Standard|Heavy|Keen|Quality|Fire|Flame Art,Standard|Heavy|Keen|Quality|Glint|Dragonkin|Gravity|Flame|Golden|Draconic|Bestial|Night|Lava|Frenzy|Death|Godslayer|Frost|Aberrant|Bloodflame|Rotten|Storm|Psionic,AxeLarge|AxeNormal|BeastClaw|Claw|Dagger|Flail|GreatKatana|HammerLarge|HammerNormal|Knuckle|LightGreatsword|RapierHeavy|ReverseHandSword|SaberLarge|SaberNormal|Sickle|SpearAxe|SpearHeavy|SpearNormal|SwordDoubleEdge|SwordLarge|SwordNormal|SwordPierce|ThrustingShield|katana,Flame
21600,Ash of War: Thunderbolt,Dagger|SwordNormal|SwordLarge|SwordGigantic|SaberNormal|SaberLarge|katana|SwordDoubleEdge|SwordPierce|RapierHeavy|AxeNormal|AxeLarge|HammerNormal|HammerLarge|Flail|SpearNormal|SpearHeavy|SpearAxe|Sickle|Knuckle|Claw|Whip|AxhammerLarge|ThrustingShield|ThrowingWeapon|ReverseHandSword|LightGreatsword|GreatKatana|BeastClaw,Lightning,Standard|Heavy|Keen|Quality|Lightning|Sacred,Standard|Heavy|Keen|Quality|Glint|Dragonkin|Gravity|Flame|Golden|Draconic|Bestial|Night|Lava|Frenzy|Death|Godslayer|Frost|Aberrant|Bloodflame|Rotten|Storm|Psionic,AxeLarge|AxeNormal|AxhammerLarge|BeastClaw|Claw|Dagger|Flail|GreatKatana|HammerLarge|HammerNormal|Knuckle|LightGreatsword|RapierHeavy|ReverseHandSword|SaberLarge|SaberNormal|Sickle|SpearAxe|SpearHeavy|SpearNormal|SwordDoubleEdge|SwordGigantic|SwordLarge|SwordNormal|SwordPierce|ThrowingWeapon|ThrustingShield|Whip|katana,Draconic
21700,Ash of War: Lightning Slash,Dagger|SwordNormal|SwordLarge|SwordGigantic|SaberNormal|SaberLarge|katana|SwordDoubleEdge|SwordPierce|RapierHeavy|AxeNormal|AxeLarge|HammerNormal|HammerLarge|Flail|AxhammerLarge|LightGreatsword|GreatKatana,Lightning,Standard|Heavy|Keen|Quality|Lightning|Sacred,Standard|Heavy|Keen|Quality|Glint|Dragonkin|Gravity|Flame|Golden|Draconic|Bestial|Night|Lava|Frenzy|Death|Godslayer|Frost|Aberrant|Bloodflame|Rotten|Storm|Psionic,AxeLarge|AxeNormal|AxhammerLarge|Dagger|Flail|GreatKatana|HammerLarge|HammerNormal|LightGreatsword|RapierHeavy|SaberLarge|SaberNormal|SwordDoubleEdge|SwordGigantic|SwordLarge|SwordNormal|SwordPierce|katana,Draconic
21800,Ash of War: Carian Grandeur,Dagger|SwordNormal|SwordLarge|SaberNormal|SaberLarge|katana|SwordDoubleEdge|SwordPierce|RapierHeavy|ThrowingWeapon|LightGreatsword|GreatKatana,Magic,Standard|Heavy|Keen|Quality|Magic|Cold,Standard|Heavy|Keen|Quality|Glint|Dragonkin|Gravity|Flame|Golden|Draconic|Bestial|Night|Lava|Frenzy|Death|Godslayer|Frost|Aberrant|Bloodflame|Rotten|Storm|Psionic,Dagger|GreatKatana|LightGreatsword|RapierHeavy|SaberLarge|SaberNormal|SwordDoubleEdge|SwordLarge|SwordNormal|SwordPierce|ThrowingWeapon|katana,Glint
21900,Ash of War: Carian Greatsword,Dagger|SwordNormal|SwordLarge|SaberNormal|SaberLarge|katana|SwordDoubleEdge|SwordPierce|RapierHeavy|ThrowingWeapon|LightGreatsword|GreatKatana,Magic,Standard|Heavy|Keen|Quality|Magic|Cold,Standard|Heavy|Keen|Quality|Glint|Dragonkin|Gravity|Flame|Golden|Draconic|Bestial|Night|Lava|Frenzy|Death|Godslayer|Frost|Aberrant|Bloodflame|Rotten|Storm|Psionic,Dagger|GreatKatana|LightGreatsword|RapierHeavy|SaberLarge|SaberNormal|SwordDoubleEdge|SwordLarge|SwordNormal|SwordPierce|ThrowingWeapon|katana,Glint
22000,Ash of War: Vacuum Slice,Dagger|SwordNormal|SwordLarge|SwordGigantic|SaberNormal|SaberLarge|katana|SwordDoubleEdge|SwordPierce|RapierHeavy|AxeNormal|AxeLarge|ThrowingWeapon|LightGreatsword|GreatKatana,Quality,Standard|Heavy|Keen|Quality|Fire|Flame Art|Lightning|Sacred|Magic|Cold|Poison|Blood|Occult,Standard|Heavy|Keen|Quality|Glint|Dragonkin|Gravity|Flame|Golden|Draconic|Bestial|Night|Lava|Frenzy|Death|Godslayer|Frost|Aberrant|Bloodflame|Rotten|Storm|Psionic,AxeLarge|AxeNormal|Dagger|GreatKatana|LightGreatsword|RapierHeavy|SaberLarge|SaberNormal|SwordDoubleEdge|SwordGigantic|SwordLarge|SwordNormal|SwordPierce|ThrowingWeapon|katana,Storm
22100,Ash of War: Black Flame Tornado,SwordDoubleEdge|SpearNormal|SpearHeavy|SpearAxe|Sickle,Flame Art,Standard|Heavy|Keen|Quality|Fire|Flame Art,Standard|Heavy|Keen|Quality|Glint|Dragonkin|Gravity|Flame|Golden|Draconic|Bestial|Night|Lava|Frenzy|Death|Godslayer|Frost|Aberrant|Bloodflame|Rotten|Storm|Psionic,Sickle|SpearAxe|SpearHeavy|SpearNormal|SwordDoubleEdge,Godslayer
22200,Ash of War: Sacred Ring of Light,SpearNormal|SpearAxe|Sickle,Sacred,Standard|Heavy|Keen|Quality|Lightning|Sacred,Standard|Heavy|Keen|Quality|Glint|Dragonkin|Gravity|Flame|Golden|Draconic|Bestial|Night|Lava|Frenzy|Death|Godslayer|Frost|Aberrant|Bloodflame|Rotten|Storm|Psionic,Sickle|SpearAxe|SpearNormal,Golden
22400,Ash of War: Blood Blade,Dagger|SwordNormal|SaberNormal|katana|SwordDoubleEdge|SwordPierce|ThrowingWeapon|ReverseHandSword|LightGreatsword,Blood,Standard|Heavy|Keen|Quality|Poison|Blood|Occult,Standard|Heavy|Keen|Quality|Glint|Dragonkin|Gravity|Flame|Golden|Draconic|Bestial|Night|Lava|Frenzy|Death|Godslayer|Frost|Aberrant|Bloodflame|Rotten|Storm|Psionic,Dagger|LightGreatsword|ReverseHandSword|SaberNormal|SwordDoubleEdge|SwordNormal|SwordPierce|ThrowingWeapon|katana,Aberrant
22500,Ash of War: Phantom Slash,SwordDoubleEdge|SpearNormal|SpearAxe|Sickle,Quality,Standard|Heavy|Keen|Quality|Fire|Flame Art|Lightning|Sacred|Magic|Cold|Poison|Blood|Occult,Standard|Heavy|Keen|Quality|Glint|Dragonkin|Gravity|Flame|Golden|Draconic|Bestial|Night|Lava|Frenzy|Death|Godslayer|Frost|Aberrant|Bloodflame|Rotten|Storm|Psionic,Sickle|SpearAxe|SpearNormal|SwordDoubleEdge,Quality
22600,Ash of War: Spectral Lance,SpearNormal|SpearHeavy|SpearAxe,Occult,Standard|Heavy|Keen|Quality|Poison|Blood|Occult,Standard|Heavy|Keen|Quality|Glint|Dragonkin|Gravity|Flame|Golden|Draconic|Bestial|Night|Lava|Frenzy|Death|Godslayer|Frost|Aberrant|Bloodflame|Rotten|Storm|Psionic,SpearAxe|SpearHeavy|SpearNormal,Death
22700,Ash of War: Chilling Mist,Dagger|SwordNormal|SwordLarge|SwordGigantic|SaberNormal|SaberLarge|katana|SwordDoubleEdge|SwordPierce|RapierHeavy|AxeNormal|AxeLarge|HammerNormal|HammerLarge|Flail|SpearNormal|SpearHeavy|SpearAxe|Sickle|AxhammerLarge|ThrustingShield|LightGreatsword|GreatKatana,Cold,Standard|Heavy|Keen|Quality|Magic|Cold,Standard|Heavy|Keen|Quality|Glint|Dragonkin|Gravity|Flame|Golden|Draconic|Bestial|Night|Lava|Frenzy|Death|Godslayer|Frost|Aberrant|Bloodflame|Rotten|Storm|Psionic,AxeLarge|AxeNormal|AxhammerLarge|Dagger|Flail|GreatKatana|HammerLarge|HammerNormal|LightGreatsword|RapierHeavy|SaberLarge|SaberNormal|Sickle|SpearAxe|SpearHeavy|SpearNormal|SwordDoubleEdge|SwordGigantic|SwordLarge|SwordNormal|SwordPierce|ThrustingShield|katana,Frost
22800,Ash of War: Poisonous Mist,Dagger|SwordNormal|SwordLarge|SwordGigantic|SaberNormal|SaberLarge|katana|SwordDoubleEdge|SwordPierce|RapierHeavy|AxeNormal|AxeLarge|HammerNormal|HammerLarge|Flail|SpearNormal|SpearHeavy|SpearAxe|Sickle|AxhammerLarge|ThrustingShield|LightGreatsword|GreatKatana,Poison,Standard|Heavy|Keen|Quality|Poison|Blood|Occult,Standard|Heavy|Keen|Quality|Glint|Dragonkin|Gravity|Flame|Golden|Draconic|Bestial|Night|Lava|Frenzy|Death|Godslayer|Frost|Aberrant|Bloodflame|Rotten|Storm|Psionic,AxeLarge|AxeNormal|AxhammerLarge|Dagger|Flail|GreatKatana|HammerLarge|HammerNormal|LightGreatsword|RapierHeavy|SaberLarge|SaberNormal|Sickle|SpearAxe|SpearHeavy|SpearNormal|SwordDoubleEdge|SwordGigantic|SwordLarge|SwordNormal|SwordPierce|ThrustingShield|katana,Rotten
30000,Ash of War: Shield Bash,ShieldSmall|ShieldNormal|ShieldLarge|ThrustingShield,Standard,Standard|Heavy|Keen|Quality|Fire|Flame Art|Lightning|Sacred|Magic|Cold|Poison|Blood|Occult,Standard|Heavy|Keen|Quality|Glint|Dragonkin|Gravity|Flame|Golden|Draconic|Bestial|Night|Lava|Frenzy|Death|Godslayer|Frost|Aberrant|Bloodflame|Rotten|Storm|Psionic,ShieldLarge|ShieldNormal|ShieldSmall|ThrustingShield,Standard
30100,Ash of War: Barricade Shield,ShieldSmall|ShieldNormal|ShieldLarge|ThrustingShield,Standard,Standard|Heavy|Keen|Quality|Fire|Flame Art|Lightning|Sacred|Magic|Cold|Poison|Blood|Occult,Standard|Heavy|Keen|Quality|Glint|Dragonkin|Gravity|Flame|Golden|Draconic|Bestial|Night|Lava|Frenzy|Death|Godslayer|Frost|Aberrant|Bloodflame|Rotten|Storm|Psionic,ShieldLarge|ShieldNormal|ShieldSmall|ThrustingShield,Standard
30200,Ash of War: Parry,Dagger|SaberNormal|SwordPierce|Knuckle|Claw|ShieldSmall|ShieldNormal|ThrowingWeapon,Standard,Standard|Heavy|Keen|Quality|Fire|Flame Art|Lightning|Sacred|Magic|Cold|Poison|Blood|Occult,Standard|Heavy|Keen|Quality|Glint|Dragonkin|Gravity|Flame|Golden|Draconic|Bestial|Night|Lava|Frenzy|Death|Godslayer|Frost|Aberrant|Bloodflame|Rotten|Storm|Psionic,Claw|Dagger|Knuckle|SaberNormal|ShieldNormal|ShieldSmall|SwordPierce|ThrowingWeapon,Standard
30500,Ash of War: Carian Retaliation,ShieldSmall|ShieldNormal,Magic,Standard|Heavy|Keen|Quality|Magic|Cold,Standard|Heavy|Keen|Quality|Glint|Dragonkin|Gravity|Flame|Golden|Draconic|Bestial|Night|Lava|Frenzy|Death|Godslayer|Frost|Aberrant|Bloodflame|Rotten|Storm|Psionic,ShieldNormal|ShieldSmall,Standard
30600,Ash of War: Storm Wall,ShieldSmall|ShieldNormal,Standard,Standard|Heavy|Keen|Quality|Fire|Flame Art|Lightning|Sacred|Magic|Cold|Poison|Blood|Occult,Standard|Heavy|Keen|Quality|Glint|Dragonkin|Gravity|Flame|Golden|Draconic|Bestial|Night|Lava|Frenzy|Death|Godslayer|Frost|Aberrant|Bloodflame|Rotten|Storm|Psionic,ShieldNormal|ShieldSmall,Standard
30700,Ash of War: Golden Parry,ShieldSmall|ShieldNormal,Sacred,Standard|Heavy|Keen|Quality|Lightning|Sacred,Standard|Heavy|Keen|Quality|Glint|Dragonkin|Gravity|Flame|Golden|Draconic|Bestial|Night|Lava|Frenzy|Death|Godslayer|Frost|Aberrant|Bloodflame|Rotten|Storm|Psionic,ShieldNormal|ShieldSmall,Standard
30800,Ash of War: Shield Crash,ShieldSmall|ShieldNormal|ShieldLarge|ThrustingShield,Standard,Standard|Heavy|Keen|Quality|Fire|Flame Art|Lightning|Sacred|Magic|Cold|Poison|Blood|Occult,Standard|Heavy|Keen|Quality|Glint|Dragonkin|Gravity|Flame|Golden|Draconic|Bestial|Night|Lava|Frenzy|Death|Godslayer|Frost|Aberrant|Bloodflame|Rotten|Storm|Psionic,ShieldLarge|ShieldNormal|ShieldSmall|ThrustingShield,Standard
30900,Ash of War: No Skill,ShieldSmall|ShieldNormal|ShieldLarge|Torch|ThrustingShield,Standard,Standard|Heavy|Keen|Quality|Fire|Flame Art|Lightning|Sacred|Magic|Cold|Poison|Blood|Occult,Standard|Heavy|Keen|Quality|Glint|Dragonkin|Gravity|Flame|Golden|Draconic|Bestial|Night|Lava|Frenzy|Death|Godslayer|Frost|Aberrant|Bloodflame|Rotten|Storm|Psionic,ShieldLarge|ShieldNormal|ShieldSmall|ThrustingShield|Torch,Standard
31000,Ash of War: Thops's Barrier,ShieldSmall|ShieldNormal,Magic,Standard|Heavy|Keen|Quality|Magic|Cold,Standard|Heavy|Keen|Quality|Glint|Dragonkin|Gravity|Flame|Golden|Draconic|Bestial|Night|Lava|Frenzy|Death|Godslayer|Frost|Aberrant|Bloodflame|Rotten|Storm|Psionic,ShieldNormal|ShieldSmall,Standard
40000,Ash of War: Through and Through,BowLarge,Standard,Standard,Standard|Heavy|Keen|Quality|Glint|Dragonkin|Gravity|Flame|Golden|Draconic|Bestial|Night|Lava|Frenzy|Death|Godslayer|Frost|Aberrant|Bloodflame|Rotten|Storm|Psionic,BowLarge,Standard
40100,Ash of War: Barrage,BowSmall,Standard,Standard,Standard|Heavy|Keen|Quality|Glint|Dragonkin|Gravity|Flame|Golden|Draconic|Bestial|Night|Lava|Frenzy|Death|Godslayer|Frost|Aberrant|Bloodflame|Rotten|Storm|Psionic,BowSmall,Standard
40200,Ash of War: Mighty Shot,BowSmall|BowNormal,Standard,Standard,Standard|Heavy|Keen|Quality|Glint|Dragonkin|Gravity|Flame|Golden|Draconic|Bestial|Night|Lava|Frenzy|Death|Godslayer|Frost|Aberrant|Bloodflame|Rotten|Storm|Psionic,BowNormal|BowSmall,Standard
40400,Ash of War: Enchanted Shot,BowSmall|BowNormal,Standard,Standard,Standard|Heavy|Keen|Quality|Glint|Dragonkin|Gravity|Flame|Golden|Draconic|Bestial|Night|Lava|Frenzy|Death|Godslayer|Frost|Aberrant|Bloodflame|Rotten|Storm|Psionic,BowNormal|BowSmall,Standard
40500,Ash of War: Sky Shot,BowSmall|BowNormal,Standard,Standard,Standard|Heavy|Keen|Quality|Glint|Dragonkin|Gravity|Flame|Golden|Draconic|Bestial|Night|Lava|Frenzy|Death|Godslayer|Frost|Aberrant|Bloodflame|Rotten|Storm|Psionic,BowNormal|BowSmall,Standard
40600,Ash of War: Rain of Arrows,BowSmall|BowNormal|BowLarge,Standard,Standard,Standard|Heavy|Keen|Quality|Glint|Dragonkin|Gravity|Flame|Golden|Draconic|Bestial|Night|Lava|Frenzy|Death|Godslayer|Frost|Aberrant|Bloodflame|Rotten|Storm|Psionic,BowLarge|BowNormal|BowSmall,Standard
50100,Ash of War: Hoarfrost Stomp,Dagger|SwordNormal|SwordLarge|SwordGigantic|SaberNormal|SaberLarge|katana|SwordDoubleEdge|SwordPierce|RapierHeavy|AxeNormal|AxeLarge|HammerNormal|HammerLarge|Flail|SpearNormal|SpearHeavy|SpearAxe|Sickle|Knuckle|Claw|Whip|AxhammerLarge|HandToHand|ThrustingShield|ThrowingWeapon|ReverseHandSword|LightGreatsword|GreatKatana|BeastClaw,Cold,Standard|Heavy|Keen|Quality|Magic|Cold,Standard|Heavy|Keen|Quality|Glint|Dragonkin|Gravity|Flame|Golden|Draconic|Bestial|Night|Lava|Frenzy|Death|Godslayer|Frost|Aberrant|Bloodflame|Rotten|Storm|Psionic,AxeLarge|AxeNormal|AxhammerLarge|BeastClaw|Claw|Dagger|Flail|GreatKatana|HammerLarge|HammerNormal|HandToHand|Knuckle|LightGreatsword|RapierHeavy|ReverseHandSword|SaberLarge|SaberNormal|Sickle|SpearAxe|SpearHeavy|SpearNormal|SwordDoubleEdge|SwordGigantic|SwordLarge|SwordNormal|SwordPierce|ThrowingWeapon|ThrustingShield|Whip|katana,Frost
50200,Ash of War: Storm Stomp,Dagger|SwordNormal|SwordLarge|SwordGigantic|SaberNormal|SaberLarge|katana|SwordDoubleEdge|SwordPierce|RapierHeavy|AxeNormal|AxeLarge|HammerNormal|HammerLarge|Flail|SpearNormal|SpearHeavy|SpearAxe|Sickle|Knuckle|Claw|Whip|AxhammerLarge|HandToHand|PerfumeBottle|ThrustingShield|ThrowingWeapon|ReverseHandSword|LightGreatsword|GreatKatana|BeastClaw,Quality,Standard|Heavy|Keen|Quality|Fire|Flame Art|Lightning|Sacred|Magic|Cold|Poison|Blood|Occult,Standard|Heavy|Keen|Quality|Glint|Dragonkin|Gravity|Flame|Golden|Draconic|Bestial|Night|Lava|Frenzy|Death|Godslayer|Frost|Aberrant|Bloodflame|Rotten|Storm|Psionic,AxeLarge|AxeNormal|AxhammerLarge|BeastClaw|Claw|Dagger|Flail|GreatKatana|HammerLarge|HammerNormal|HandToHand|Knuckle|LightGreatsword|PerfumeBottle|RapierHeavy|ReverseHandSword|SaberLarge|SaberNormal|Sickle|SpearAxe|SpearHeavy|SpearNormal|SwordDoubleEdge|SwordGigantic|SwordLarge|SwordNormal|SwordPierce|ThrowingWeapon|ThrustingShield|Whip|katana,Storm
50300,Ash of War: Kick,Dagger|SwordNormal|SwordLarge|SwordGigantic|SaberNormal|SaberLarge|katana|SwordDoubleEdge|SwordPierce|RapierHeavy|AxeNormal|AxeLarge|HammerNormal|HammerLarge|Flail|SpearNormal|SpearHeavy|SpearAxe|Sickle|Knuckle|Claw|Whip|AxhammerLarge|HandToHand|PerfumeBottle|ThrustingShield|ThrowingWeapon|ReverseHandSword|LightGreatsword|GreatKatana|BeastClaw,Heavy,Standard|Heavy|Keen|Quality|Fire|Flame Art|Lightning|Sacred|Magic|Cold|Poison|Blood|Occult,Standard|Heavy|Keen|Quality|Glint|Dragonkin|Gravity|Flame|Golden|Draconic|Bestial|Night|Lava|Frenzy|Death|Godslayer|Frost|Aberrant|Bloodflame|Rotten|Storm|Psionic,AxeLarge|AxeNormal|AxhammerLarge|BeastClaw|Claw|Dagger|Flail|GreatKatana|HammerLarge|HammerNormal|HandToHand|Knuckle|LightGreatsword|PerfumeBottle|RapierHeavy|ReverseHandSword|SaberLarge|SaberNormal|Sickle|SpearAxe|SpearHeavy|SpearNormal|SwordDoubleEdge|SwordGigantic|SwordLarge|SwordNormal|SwordPierce|ThrowingWeapon|ThrustingShield|Whip|katana,Standard
50400,Ash of War: Lightning Ram,Dagger|SwordNormal|SwordLarge|SwordGigantic|SaberNormal|SaberLarge|katana|SwordDoubleEdge|SwordPierce|RapierHeavy|AxeNormal|AxeLarge|HammerNormal|HammerLarge|Flail|SpearNormal|SpearHeavy|SpearAxe|Sickle|Knuckle|Claw|Whip|AxhammerLarge|HandToHand|ThrustingShield|ThrowingWeapon|ReverseHandSword|LightGreatsword|GreatKatana|BeastClaw,Lightning,Standard|Heavy|Keen|Quality|Lightning|Sacred,Standard|Heavy|Keen|Quality|Glint|Dragonkin|Gravity|Flame|Golden|Draconic|Bestial|Night|Lava|Frenzy|Death|Godslayer|Frost|Aberrant|Bloodflame|Rotten|Storm|Psionic,AxeLarge|AxeNormal|AxhammerLarge|BeastClaw|Claw|Dagger|Flail|GreatKatana|HammerLarge|HammerNormal|HandToHand|Knuckle|LightGreatsword|RapierHeavy|ReverseHandSword|SaberLarge|SaberNormal|Sickle|SpearAxe|SpearHeavy|SpearNormal|SwordDoubleEdge|SwordGigantic|SwordLarge|SwordNormal|SwordPierce|ThrowingWeapon|ThrustingShield|Whip|katana,Draconic
50500,Ash of War: Flame of the Redmanes,Dagger|SwordNormal|SwordLarge|SwordGigantic|SaberNormal|SaberLarge|katana|SwordDoubleEdge|SwordPierce|RapierHeavy|AxeNormal|AxeLarge|HammerNormal|HammerLarge|Flail|SpearNormal|SpearHeavy|SpearAxe|Sickle|Knuckle|Claw|Whip|AxhammerLarge|HandToHand|ThrustingShield|ThrowingWeapon|ReverseHandSword|LightGreatsword|GreatKatana|BeastClaw,Fire,Standard|Heavy|Keen|Quality|Fire|Flame Art,Standard|Heavy|Keen|Quality|Glint|Dragonkin|Gravity|Flame|Golden|Draconic|Bestial|Night|Lava|Frenzy|Death|Godslayer|Frost|Aberrant|Bloodflame|Rotten|Storm|Psionic,AxeLarge|AxeNormal|AxhammerLarge|BeastClaw|Claw|Dagger|Flail|GreatKatana|HammerLarge|HammerNormal|HandToHand|Knuckle|LightGreatsword|RapierHeavy|ReverseHandSword|SaberLarge|SaberNormal|Sickle|SpearAxe|SpearHeavy|SpearNormal|SwordDoubleEdge|SwordGigantic|SwordLarge|SwordNormal|SwordPierce|ThrowingWeapon|ThrustingShield|Whip|katana,Flame
50600,Ash of War: Ground Slam,Dagger|SwordNormal|SwordLarge|SwordGigantic|SaberNormal|SaberLarge|katana|SwordDoubleEdge|SwordPierce|RapierHeavy|AxeNormal|AxeLarge|HammerNormal|HammerLarge|Flail|SpearNormal|SpearHeavy|SpearAxe|Sickle|Knuckle|Claw|Whip|AxhammerLarge|HandToHand|PerfumeBottle|ThrustingShield|ThrowingWeapon|ReverseHandSword|LightGreatsword|GreatKatana|BeastClaw,Heavy,Standard|Heavy|Keen|Quality|Fire|Flame Art|Lightning|Sacred|Magic|Cold|Poison|Blood|Occult,Standard|Heavy|Keen|Quality|Glint|Dragonkin|Gravity|Flame|Golden|Draconic|Bestial|Night|Lava|Frenzy|Death|Godslayer|Frost|Aberrant|Bloodflame|Rotten|Storm|Psionic,AxeLarge|AxeNormal|AxhammerLarge|BeastClaw|Claw|Dagger|Flail|GreatKatana|HammerLarge|HammerNormal|HandToHand|Knuckle|LightGreatsword|PerfumeBottle|RapierHeavy|ReverseHandSword|SaberLarge|SaberNormal|Sickle|SpearAxe|SpearHeavy|SpearNormal|SwordDoubleEdge|SwordGigantic|SwordLarge|SwordNormal|SwordPierce|ThrowingWeapon|ThrustingShield|Whip|katana,Heavy
50700,Ash of War: Golden Slam,Dagger|SwordNormal|SwordLarge|SwordGigantic|SaberNormal|SaberLarge|katana|SwordDoubleEdge|SwordPierce|RapierHeavy|AxeNormal|AxeLarge|HammerNormal|HammerLarge|Flail|SpearNormal|SpearHeavy|SpearAxe|Sickle|Knuckle|Claw|Whip|AxhammerLarge|HandToHand|ThrustingShield|ThrowingWeapon|ReverseHandSword|LightGreatsword|GreatKatana|BeastClaw,Sacred,Standard|Heavy|Keen|Quality|Lightning|Sacred,Standard|Heavy|Keen|Quality|Glint|Dragonkin|Gravity|Flame|Golden|Draconic|Bestial|Night|Lava|Frenzy|Death|Godslayer|Frost|Aberrant|Bloodflame|Rotten|Storm|Psionic,AxeLarge|AxeNormal|AxhammerLarge|BeastClaw|Claw|Dagger|Flail|GreatKatana|HammerLarge|HammerNormal|HandToHand|Knuckle|LightGreatsword|RapierHeavy|ReverseHandSword|SaberLarge|SaberNormal|Sickle|SpearAxe|SpearHeavy|SpearNormal|SwordDoubleEdge|SwordGigantic|SwordLarge|SwordNormal|SwordPierce|ThrowingWeapon|ThrustingShield|Whip|katana,Golden
50800,Ash of War: Waves of Darkness,SwordGigantic|AxeLarge|HammerLarge|SpearHeavy|AxhammerLarge,Magic,Standard|Heavy|Keen|Quality|Magic|Cold,Standard|Heavy|Keen|Quality|Glint|Dragonkin|Gravity|Flame|Golden|Draconic|Bestial|Night|Lava|Frenzy|Death|Godslayer|Frost|Aberrant|Bloodflame|Rotten|Storm|Psionic,AxeLarge|AxhammerLarge|HammerLarge|SpearHeavy|SwordGigantic,Gravity
50900,Ash of War: Hoarah Loux's Earthshaker,Dagger|SwordNormal|SwordLarge|SwordGigantic|SaberNormal|SaberLarge|katana|SwordDoubleEdge|SwordPierce|RapierHeavy|AxeNormal|AxeLarge|HammerNormal|HammerLarge|Flail|SpearNormal|SpearHeavy|SpearAxe|Sickle|Knuckle|Claw|Whip|AxhammerLarge|HandToHand|PerfumeBottle|ThrustingShield|ThrowingWeapon|ReverseHandSword|LightGreatsword|GreatKatana|BeastClaw,Heavy,Standard|Heavy|Keen|Quality|Fire|Flame Art|Lightning|Sacred|Magic|Cold|Poison|Blood|Occult,Standard|Heavy|Keen|Quality|Glint|Dragonkin|Gravity|Flame|Golden|Draconic|Bestial|Night|Lava|Frenzy|Death|Godslayer|Frost|Aberrant|Bloodflame|Rotten|Storm|Psionic,AxeLarge|AxeNormal|AxhammerLarge|BeastClaw|Claw|Dagger|Flail|GreatKatana|HammerLarge|HammerNormal|HandToHand|Knuckle|LightGreatsword|PerfumeBottle|RapierHeavy|ReverseHandSword|SaberLarge|SaberNormal|Sickle|SpearAxe|SpearHeavy|SpearNormal|SwordDoubleEdge|SwordGigantic|SwordLarge|SwordNormal|SwordPierce|ThrowingWeapon|ThrustingShield|Whip|katana,Heavy
60000,Ash of War: Determination,Dagger|SwordNormal|SwordLarge|SwordGigantic|SaberNormal|SaberLarge|katana|SwordDoubleEdge|SwordPierce|RapierHeavy|AxeNormal|AxeLarge|HammerNormal|HammerLarge|Flail|SpearNormal|SpearHeavy|SpearAxe|Sickle|Knuckle|Claw|Whip|AxhammerLarge|ThrustingShield|ReverseHandSword|LightGreatsword|GreatKatana|BeastClaw,Quality,Standard|Heavy|Keen|Quality|Fire|Flame Art|Lightning|Sacred|Magic|Cold|Poison|Blood|Occult,Standard|Heavy|Keen|Quality|Glint|Dragonkin|Gravity|Flame|Golden|Draconic|Bestial|Night|Lava|Frenzy|Death|Godslayer|Frost|Aberrant|Bloodflame|Rotten|Storm|Psionic,AxeLarge|AxeNormal|AxhammerLarge|BeastClaw|Claw|Dagger|Flail|GreatKatana|HammerLarge|HammerNormal|Knuckle|LightGreatsword|RapierHeavy|ReverseHandSword|SaberLarge|SaberNormal|Sickle|SpearAxe|SpearHeavy|SpearNormal|SwordDoubleEdge|SwordGigantic|SwordLarge|SwordNormal|SwordPierce|ThrustingShield|Whip|katana,Standard
60100,Ash of War: Royal Knight's Resolve,Dagger|SwordNormal|SwordLarge|SwordGigantic|SaberNormal|SaberLarge|katana|SwordDoubleEdge|SwordPierce|RapierHeavy|AxeNormal|AxeLarge|HammerNormal|HammerLarge|Flail|SpearNormal|SpearHeavy|SpearAxe|Sickle|Knuckle|Claw|Whip|AxhammerLarge|ThrustingShield|ReverseHandSword|LightGreatsword|GreatKatana|BeastClaw,Quality,Standard|Heavy|Keen|Quality|Fire|Flame Art|Lightning|Sacred|Magic|Cold|Poison|Blood|Occult,Standard|Heavy|Keen|Quality|Glint|Dragonkin|Gravity|Flame|Golden|Draconic|Bestial|Night|Lava|Frenzy|Death|Godslayer|Frost|Aberrant|Bloodflame|Rotten|Storm|Psionic,AxeLarge|AxeNormal|AxhammerLarge|BeastClaw|Claw|Dagger|Flail|GreatKatana|HammerLarge|HammerNormal|Knuckle|LightGreatsword|RapierHeavy|ReverseHandSword|SaberLarge|SaberNormal|Sickle|SpearAxe|SpearHeavy|SpearNormal|SwordDoubleEdge|SwordGigantic|SwordLarge|SwordNormal|SwordPierce|ThrustingShield|Whip|katana,Standard
60200,Ash of War: Assassin's Gambit,Dagger|SwordNormal|katana|SwordDoubleEdge|SwordPierce|ThrowingWeapon|LightGreatsword,Occult,Standard|Heavy|Keen|Quality|Poison|Blood|Occult,Standard|Heavy|Keen|Quality|Glint|Dragonkin|Gravity|Flame|Golden|Draconic|Bestial|Night|Lava|Frenzy|Death|Godslayer|Frost|Aberrant|Bloodflame|Rotten|Storm|Psionic,Dagger|LightGreatsword|SwordDoubleEdge|SwordNormal|SwordPierce|ThrowingWeapon|katana,Standard
60300,Ash of War: Golden Vow,Dagger|SwordNormal|SwordLarge|SwordGigantic|SaberNormal|SaberLarge|katana|SwordDoubleEdge|SwordPierce|RapierHeavy|AxeNormal|AxeLarge|HammerNormal|HammerLarge|Flail|SpearNormal|SpearHeavy|SpearAxe|Sickle|Knuckle|Claw|Whip|AxhammerLarge|HandToHand|ThrustingShield|ThrowingWeapon|ReverseHandSword|LightGreatsword|GreatKatana|BeastClaw,Sacred,Standard|Heavy|Keen|Quality|Lightning|Sacred,Standard|Heavy|Keen|Quality|Glint|Dragonkin|Gravity|Flame|Golden|Draconic|Bestial|Night|Lava|Frenzy|Death|Godslayer|Frost|Aberrant|Bloodflame|Rotten|Storm|Psionic,AxeLarge|AxeNormal|AxhammerLarge|Ballista|BeastClaw|Claw|ClossBow|Dagger|Flail|GreatKatana|HammerLarge|HammerNormal|HandToHand|Knuckle|LightGreatsword|RapierHeavy|ReverseHandSword|SaberLarge|SaberNormal|Sickle|SpearAxe|SpearHeavy|SpearNormal|SwordDoubleEdge|SwordGigantic|SwordLarge|SwordNormal|SwordPierce|ThrowingWeapon|ThrustingShield|Whip|katana,Standard
60400,Ash of War: Sacred Order,Dagger|SwordNormal|SwordLarge|SwordGigantic|SaberNormal|SaberLarge|katana|SwordDoubleEdge|SwordPierce|RapierHeavy|AxeNormal|AxeLarge|HammerNormal|HammerLarge|Flail|SpearNormal|SpearHeavy|SpearAxe|Sickle|Knuckle|Claw|Whip|AxhammerLarge|ThrustingShield|ReverseHandSword|LightGreatsword|GreatKatana|BeastClaw,Sacred,Standard|Heavy|Keen|Quality|Lightning|Sacred,Standard|Heavy|Keen|Quality|Glint|Dragonkin|Gravity|Flame|Golden|Draconic|Bestial|Night|Lava|Frenzy|Death|Godslayer|Frost|Aberrant|Bloodflame|Rotten|Storm|Psionic,AxeLarge|AxeNormal|AxhammerLarge|BeastClaw|Claw|Dagger|Flail|GreatKatana|HammerLarge|HammerNormal|Knuckle|LightGreatsword|RapierHeavy|ReverseHandSword|SaberLarge|SaberNormal|Sickle|SpearAxe|SpearHeavy|SpearNormal|SwordDoubleEdge|SwordGigantic|SwordLarge|SwordNormal|SwordPierce|ThrustingShield|Whip|katana,Standard
60500,Ash of War: Shared Order,Dagger|SwordNormal|SwordLarge|SwordGigantic|SaberNormal|SaberLarge|katana|SwordDoubleEdge|SwordPierce|RapierHeavy|AxeNormal|AxeLarge|HammerNormal|HammerLarge|Flail|SpearNormal|SpearHeavy|SpearAxe|Sickle|Knuckle|Claw|Whip|AxhammerLarge|ThrustingShield|ReverseHandSword|LightGreatsword|GreatKatana|BeastClaw,Sacred,Standard|Heavy|Keen|Quality|Lightning|Sacred,Standard|Heavy|Keen|Quality|Glint|Dragonkin|Gravity|Flame|Golden|Draconic|Bestial|Night|Lava|Frenzy|Death|Godslayer|Frost|Aberrant|Bloodflame|Rotten|Storm|Psionic,AxeLarge|AxeNormal|AxhammerLarge|BeastClaw|Claw|Dagger|Flail|GreatKatana|HammerLarge|HammerNormal|Knuckle|LightGreatsword|RapierHeavy|ReverseHandSword|SaberLarge|SaberNormal|Sickle|SpearAxe|SpearHeavy|SpearLarge|SpearNormal|SwordDoubleEdge|SwordGigantic|SwordLarge|SwordNormal|SwordPierce|ThrustingShield|Whip|katana,Standard
60600,Ash of War: Seppuku,SwordNormal|SwordLarge|SaberNormal|SaberLarge|katana|SwordDoubleEdge|SwordPierce|RapierHeavy|SpearNormal|SpearHeavy|SpearAxe|LightGreatsword|GreatKatana,Blood,Standard|Heavy|Keen|Quality|Poison|Blood|Occult,Standard|Heavy|Keen|Quality|Glint|Dragonkin|Gravity|Flame|Golden|Draconic|Bestial|Night|Lava|Frenzy|Death|Godslayer|Frost|Aberrant|Bloodflame|Rotten|Storm|Psionic,GreatKatana|LightGreatsword|RapierHeavy|SaberLarge|SaberNormal|SpearAxe|SpearHeavy|SpearNormal|SwordDoubleEdge|SwordLarge|SwordNormal|SwordPierce|katana,Standard
60700,Ash of War: Cragblade,Dagger|SwordNormal|SwordLarge|SwordGigantic|SaberNormal|SaberLarge|katana|SwordDoubleEdge|SwordPierce|RapierHeavy|AxeNormal|AxeLarge|HammerNormal|HammerLarge|Flail|SpearNormal|SpearHeavy|SpearAxe|Sickle|Knuckle|Claw|AxhammerLarge|ThrustingShield|ReverseHandSword|LightGreatsword|GreatKatana|BeastClaw,Heavy,Standard|Heavy|Keen|Quality|Fire|Flame Art|Lightning|Sacred|Magic|Cold|Poison|Blood|Occult,Standard|Heavy|Keen|Quality|Glint|Dragonkin|Gravity|Flame|Golden|Draconic|Bestial|Night|Lava|Frenzy|Death|Godslayer|Frost|Aberrant|Bloodflame|Rotten|Storm|Psionic,AxeLarge|AxeNormal|AxhammerLarge|BeastClaw|Claw|Dagger|Flail|GreatKatana|HammerLarge|HammerNormal|Knuckle|LightGreatsword|RapierHeavy|ReverseHandSword|SaberLarge|SaberNormal|Sickle|SpearAxe|SpearHeavy|SpearNormal|SwordDoubleEdge|SwordGigantic|SwordLarge|SwordNormal|SwordPierce|ThrustingShield|katana,Standard
65000,Ash of War: Barbaric Roar,SwordNormal|SwordLarge|SwordGigantic|SaberNormal|SaberLarge|katana|SwordDoubleEdge|AxeNormal|AxeLarge|HammerNormal|HammerLarge|Flail|SpearNormal|SpearHeavy|SpearAxe|Sickle|Knuckle|Claw|AxhammerLarge|HandToHand|LightGreatsword|GreatKatana|BeastClaw,Heavy,Standard|Heavy|Keen|Quality|Fire|Flame Art|Lightning|Sacred|Magic|Cold|Poison|Blood|Occult,Standard|Heavy|Keen|Quality|Glint|Dragonkin|Gravity|Flame|Golden|Draconic|Bestial|Night|Lava|Frenzy|Death|Godslayer|Frost|Aberrant|Bloodflame|Rotten|Storm|Psionic,AxeLarge|AxeNormal|AxhammerLarge|BeastClaw|Claw|Flail|GreatKatana|HammerLarge|HammerNormal|HandToHand|Knuckle|LightGreatsword|SaberLarge|SaberNormal|Sickle|SpearAxe|SpearHeavy|SpearNormal|SwordDoubleEdge|SwordGigantic|SwordLarge|SwordNormal|katana,Standard
65100,Ash of War: War Cry,SwordNormal|SwordLarge|SwordGigantic|SaberNormal|SaberLarge|katana|SwordDoubleEdge|AxeNormal|AxeLarge|HammerNormal|HammerLarge|Flail|SpearNormal|SpearHeavy|SpearAxe|Sickle|Knuckle|Claw|AxhammerLarge|HandToHand|LightGreatsword|GreatKatana|BeastClaw,Heavy,Standard|Heavy|Keen|Quality|Fire|Flame Art|Lightning|Sacred|Magic|Cold|Poison|Blood|Occult,Standard|Heavy|Keen|Quality|Glint|Dragonkin|Gravity|Flame|Golden|Draconic|Bestial|Night|Lava|Frenzy|Death|Godslayer|Frost|Aberrant|Bloodflame|Rotten|Storm|Psionic,AxeLarge|AxeNormal|AxhammerLarge|BeastClaw|Claw|Flail|GreatKatana|HammerLarge|HammerNormal|HandToHand|Knuckle|LightGreatsword|SaberLarge|SaberNormal|Sickle|SpearAxe|SpearHeavy|SpearNormal|SwordDoubleEdge|SwordGigantic|SwordLarge|SwordNormal|katana,Standard
65200,Ash of War: Beast's Roar,Dagger|SwordNormal|SwordLarge|SwordGigantic|SaberNormal|SaberLarge|katana|SwordDoubleEdge|SwordPierce|RapierHeavy|AxeNormal|AxeLarge|HammerNormal|HammerLarge|Flail|SpearNormal|SpearHeavy|SpearAxe|Sickle|Knuckle|Claw|Whip|AxhammerLarge|HandToHand|PerfumeBottle|ThrustingShield|ThrowingWeapon|ReverseHandSword|LightGreatsword|GreatKatana|BeastClaw,Keen,Standard|Heavy|Keen|Quality|Fire|Flame Art|Lightning|Sacred|Magic|Cold|Poison|Blood|Occult,Standard|Heavy|Keen|Quality|Glint|Dragonkin|Gravity|Flame|Golden|Draconic|Bestial|Night|Lava|Frenzy|Death|Godslayer|Frost|Aberrant|Bloodflame|Rotten|Storm|Psionic,AxeLarge|AxeNormal|AxhammerLarge|BeastClaw|Claw|Dagger|Flail|GreatKatana|HammerLarge|HammerNormal|HandToHand|Knuckle|LightGreatsword|PerfumeBottle|RapierHeavy|ReverseHandSword|SaberLarge|SaberNormal|Sickle|SpearAxe|SpearHeavy|SpearNormal|SwordDoubleEdge|SwordGigantic|SwordLarge|SwordNormal|SwordPierce|ThrowingWeapon|ThrustingShield|Whip|katana,Bestial
65300,Ash of War: Troll's Roar,SwordLarge|SwordGigantic|SaberLarge|RapierHeavy|AxeLarge|HammerLarge|AxhammerLarge|GreatKatana,Heavy,Standard|Heavy|Keen|Quality|Fire|Flame Art|Lightning|Sacred|Magic|Cold|Poison|Blood|Occult,Standard|Heavy|Keen|Quality|Glint|Dragonkin|Gravity|Flame|Golden|Draconic|Bestial|Night|Lava|Frenzy|Death|Godslayer|Frost|Aberrant|Bloodflame|Rotten|Storm|Psionic,AxeLarge|AxhammerLarge|GreatKatana|HammerLarge|RapierHeavy|SaberLarge|SwordGigantic|SwordLarge,Standard
65400,Ash of War: Braggart's Roar,SwordNormal|SwordLarge|SwordGigantic|SaberNormal|SaberLarge|katana|SwordDoubleEdge|AxeNormal|AxeLarge|HammerNormal|HammerLarge|Flail|SpearNormal|SpearHeavy|SpearAxe|Sickle|Knuckle|Claw|AxhammerLarge|HandToHand|LightGreatsword|GreatKatana|BeastClaw,Heavy,Standard|Heavy|Keen|Quality|Fire|Flame Art|Lightning|Sacred|Magic|Cold|Poison|Blood|Occult,Standard|Heavy|Keen|Quality|Glint|Dragonkin|Gravity|Flame|Golden|Draconic|Bestial|Night|Lava|Frenzy|Death|Godslayer|Frost|Aberrant|Bloodflame|Rotten|Storm|Psionic,AxeLarge|AxeNormal|AxhammerLarge|BeastClaw|Claw|Flail|GreatKatana|HammerLarge|HammerNormal|HandToHand|Knuckle|LightGreatsword|SaberLarge|SaberNormal|Sickle|SpearAxe|SpearHeavy|SpearNormal|SwordDoubleEdge|SwordGigantic|SwordLarge|SwordNormal|katana,Standard
70000,Ash of War: Endure,Dagger|SwordNormal|SwordLarge|SwordGigantic|SaberNormal|SaberLarge|katana|SwordDoubleEdge|SwordPierce|RapierHeavy|AxeNormal|AxeLarge|HammerNormal|HammerLarge|Flail|SpearNormal|SpearHeavy|SpearAxe|Sickle|Knuckle|Claw|Whip|AxhammerLarge|HandToHand|PerfumeBottle|ThrustingShield|ThrowingWeapon|ReverseHandSword|LightGreatsword|GreatKatana|BeastClaw,Heavy,Standard|Heavy|Keen|Quality|Fire|Flame Art|Lightning|Sacred|Magic|Cold|Poison|Blood|Occult,Standard|Heavy|Keen|Quality|Glint|Dragonkin|Gravity|Flame|Golden|Draconic|Bestial|Night|Lava|Frenzy|Death|Godslayer|Frost|Aberrant|Bloodflame|Rotten|Storm|Psionic,AxeLarge|AxeNormal|AxhammerLarge|Ballista|BeastClaw|Claw|ClossBow|Dagger|Flail|GreatKatana|HammerLarge|HammerNormal|HandToHand|Knuckle|LightGreatsword|PerfumeBottle|RapierHeavy|ReverseHandSword|SaberLarge|SaberNormal|Sickle|SpearAxe|SpearHeavy|SpearNormal|SwordDoubleEdge|SwordGigantic|SwordLarge|SwordNormal|SwordPierce|ThrowingWeapon|ThrustingShield|Whip|katana,Standard
70100,Ash of War: Vow of the Indomitable,ShieldSmall|ShieldNormal|ShieldLarge|ThrustingShield,Sacred,Standard|Heavy|Keen|Quality|Lightning|Sacred,Standard|Heavy|Keen|Quality|Glint|Dragonkin|Gravity|Flame|Golden|Draconic|Bestial|Night|Lava|Frenzy|Death|Godslayer|Frost|Aberrant|Bloodflame|Rotten|Storm|Psionic,ShieldLarge|ShieldNormal|ShieldSmall|ThrustingShield,Standard
70200,Ash of War: Holy Ground,ShieldSmall|ShieldNormal|ShieldLarge|ThrustingShield,Sacred,Standard|Heavy|Keen|Quality|Lightning|Sacred,Standard|Heavy|Keen|Quality|Glint|Dragonkin|Gravity|Flame|Golden|Draconic|Bestial|Night|Lava|Frenzy|Death|Godslayer|Frost|Aberrant|Bloodflame|Rotten|Storm|Psionic,ShieldLarge|ShieldNormal|ShieldSmall|ThrustingShield,Standard
80000,Ash of War: Quickstep,Dagger|SwordNormal|SwordLarge|SwordGigantic|SaberNormal|SaberLarge|katana|SwordDoubleEdge|SwordPierce|RapierHeavy|AxeNormal|AxeLarge|HammerNormal|HammerLarge|Flail|SpearNormal|SpearHeavy|SpearAxe|Sickle|Knuckle|Claw|Whip|AxhammerLarge|HandToHand|PerfumeBottle|ThrustingShield|ThrowingWeapon|ReverseHandSword|LightGreatsword|GreatKatana|BeastClaw,Keen,Standard|Heavy|Keen|Quality|Fire|Flame Art|Lightning|Sacred|Magic|Cold|Poison|Blood|Occult,Standard|Heavy|Keen|Quality|Glint|Dragonkin|Gravity|Flame|Golden|Draconic|Bestial|Night|Lava|Frenzy|Death|Godslayer|Frost|Aberrant|Bloodflame|Rotten|Storm|Psionic,AxeLarge|AxeNormal|AxhammerLarge|Ballista|BeastClaw|Claw|ClossBow|Dagger|Flail|GreatKatana|HammerLarge|HammerNormal|HandToHand|Knuckle|LightGreatsword|PerfumeBottle|RapierHeavy|ReverseHandSword|SaberLarge|SaberNormal|Sickle|SpearAxe|SpearHeavy|SpearNormal|SwordDoubleEdge|SwordGigantic|SwordLarge|SwordNormal|SwordPierce|ThrowingWeapon|ThrustingShield|Whip|katana,Standard
80100,Ash of War: Bloodhound's Step,Dagger|SwordNormal|SwordLarge|SwordGigantic|SaberNormal|SaberLarge|katana|SwordDoubleEdge|SwordPierce|RapierHeavy|AxeNormal|AxeLarge|HammerNormal|HammerLarge|Flail|SpearNormal|SpearHeavy|SpearAxe|Sickle|Knuckle|Claw|Whip|AxhammerLarge|HandToHand|PerfumeBottle|ThrustingShield|ThrowingWeapon|ReverseHandSword|LightGreatsword|GreatKatana|BeastClaw,Keen,Standard|Heavy|Keen|Quality|Fire|Flame Art|Lightning|Sacred|Magic|Cold|Poison|Blood|Occult,Standard|Heavy|Keen|Quality|Glint|Dragonkin|Gravity|Flame|Golden|Draconic|Bestial|Night|Lava|Frenzy|Death|Godslayer|Frost|Aberrant|Bloodflame|Rotten|Storm|Psionic,AxeLarge|AxeNormal|AxhammerLarge|Ballista|BeastClaw|Claw|ClossBow|Dagger|Flail|GreatKatana|HammerLarge|HammerNormal|HandToHand|Knuckle|LightGreatsword|PerfumeBottle|RapierHeavy|ReverseHandSword|SaberLarge|SaberNormal|Sickle|SpearAxe|SpearHeavy|SpearNormal|SwordDoubleEdge|SwordGigantic|SwordLarge|SwordNormal|SwordPierce|ThrowingWeapon|ThrustingShield|Whip|katana,Standard
80200,Ash of War: Raptor of the Mists,Dagger|SwordNormal|SwordLarge|SwordGigantic|SaberNormal|SaberLarge|katana|SwordDoubleEdge|SwordPierce|RapierHeavy|AxeNormal|AxeLarge|HammerNormal|HammerLarge|Flail|SpearNormal|SpearHeavy|SpearAxe|Sickle|Knuckle|Claw|Whip|AxhammerLarge|HandToHand|PerfumeBottle|ThrustingShield|ThrowingWeapon|ReverseHandSword|LightGreatsword|GreatKatana|BeastClaw,Keen,Standard|Heavy|Keen|Quality|Fire|Flame Art|Lightning|Sacred|Magic|Cold|Poison|Blood|Occult,Standard|Heavy|Keen|Quality|Glint|Dragonkin|Gravity|Flame|Golden|Draconic|Bestial|Night|Lava|Frenzy|Death|Godslayer|Frost|Aberrant|Bloodflame|Rotten|Storm|Psionic,AxeLarge|AxeNormal|AxhammerLarge|BeastClaw|Claw|Dagger|Flail|GreatKatana|HammerLarge|HammerNormal|HandToHand|Knuckle|LightGreatsword|PerfumeBottle|RapierHeavy|ReverseHandSword|SaberLarge|SaberNormal|Sickle|SpearAxe|SpearHeavy|SpearNormal|SwordDoubleEdge|SwordGigantic|SwordLarge|SwordNormal|SwordPierce|ThrowingWeapon|ThrustingShield|Whip|katana,Standard
85000,Ash of War: White Shadow's Lure,Dagger|SwordNormal|SwordLarge|SwordGigantic|SaberNormal|SaberLarge|katana|SwordDoubleEdge|SwordPierce|RapierHeavy|AxeNormal|AxeLarge|HammerNormal|HammerLarge|Flail|SpearNormal|SpearHeavy|SpearAxe|Sickle|Knuckle|Claw|Whip|AxhammerLarge|HandToHand|ThrustingShield|ThrowingWeapon|ReverseHandSword|LightGreatsword|GreatKatana|BeastClaw,Occult,Standard|Heavy|Keen|Quality|Poison|Blood|Occult,Standard|Heavy|Keen|Quality|Glint|Dragonkin|Gravity|Flame|Golden|Draconic|Bestial|Night|Lava|Frenzy|Death|Godslayer|Frost|Aberrant|Bloodflame|Rotten|Storm|Psionic,AxeLarge|AxeNormal|AxhammerLarge|BeastClaw|Claw|Dagger|Flail|GreatKatana|HammerLarge|HammerNormal|HandToHand|Knuckle|LightGreatsword|RapierHeavy|ReverseHandSword|SaberLarge|SaberNormal|Sickle|SpearAxe|SpearHeavy|SpearNormal|SwordDoubleEdge|SwordGigantic|SwordLarge|SwordNormal|SwordPierce|ThrowingWeapon|ThrustingShield|Whip|katana,Standard
