ID,Name,compatibleWepTypes,defaultAffinity,allowedAffinities,convergence_affinities,convergence_compatibleWepTypes,convergence_defaultAffinity
200000,Ash of War: Dryleaf Whirlwind,HandToHand,Standard,Standard|Heavy|Keen|Quality|Fire|Flame Art|Lightning|Sacred|Magic|Cold|Poison|Blood|Occult,Standard|Heavy|Keen|Quality|Glint|Dragonkin|Gravity|Flame|Golden|Draconic|Bestial|Night|Lava|Frenzy|Death|Godslayer|Frost|Aberrant|Bloodflame|Rotten|Storm|Psionic,HandToHand,Standard
200100,Ash of War: Aspects of the Crucible: Wings,Dagger|SwordNormal|SwordLarge|SwordGigantic|SaberNormal|SaberLarge|katana|SwordDoubleEdge|SwordPierce|RapierHeavy|SpearNormal|SpearHeavy|SpearAxe|ThrowingWeapon|LightGreatsword|GreatKatana,Sacred,Standard|Heavy|Keen|Quality|Lightning|Sacred,Standard|Heavy|Keen|Quality|Glint|Dragonkin|Gravity|Flame|Golden|Draconic|Bestial|Night|Lava|Frenzy|Death|Godslayer|Frost|Aberrant|Bloodflame|Rotten|Storm|Psionic,Dagger|GreatKatana|LightGreatsword|RapierHeavy|SaberLarge|SaberNormal|SpearAxe|SpearHeavy|SpearNormal|SwordDoubleEdge|SwordGigantic|SwordLarge|SwordNormal|SwordPierce|ThrowingWeapon|katana,Bestial
400000,Ash of War: Spinning Gravity Thrust,SwordLarge|SwordGigantic|SaberLarge|RapierHeavy|GreatKatana,Heavy,Standard|Heavy|Keen|Quality|Fire|Flame Art|Lightning|Sacred|Magic|Cold|Poison|Blood|Occult,Standard|Heavy|Keen|Quality|Glint|Dragonkin|Gravity|Flame|Golden|Draconic|Bestial|Night|Lava|Frenzy|Death|Godslayer|Frost|Aberrant|Bloodflame|Rotten|Storm|Psionic,GreatKatana|RapierHeavy|SaberLarge|SwordGigantic|SwordLarge,Gravity
401000,Ash of War: Palm Blast,HandToHand,Standard,Standard|Heavy|Keen|Quality|Fire|Flame Art|Lightning|Sacred|Magic|Cold|Poison|Blood|Occult,Standard|Heavy|Keen|Quality|Glint|Dragonkin|Gravity|Flame|Golden|Draconic|Bestial|Night|Lava|Frenzy|Death|Godslayer|Frost|Aberrant|Bloodflame|Rotten|Storm|Psionic,HandToHand,Standard
402000,Ash of War: Piercing Throw,ThrowingWeapon,Keen,Standard|Heavy|Keen|Quality|Fire|Flame Art|Lightning|Sacred|Magic|Cold|Poison|Blood|Occult,Standard|Heavy|Keen|Quality|Glint|Dragonkin|Gravity|Flame|Golden|Draconic|Bestial|Night|Lava|Frenzy|Death|Godslayer|Frost|Aberrant|Bloodflame|Rotten|Storm|Psionic,ThrowingWeapon,Keen
403000,Ash of War: Scattershot Throw,ThrowingWeapon,Keen,Standard|Heavy|Keen|Quality|Fire|Flame Art|Lightning|Sacred|Magic|Cold|Poison|Blood|Occult,Standard|Heavy|Keen|Quality|Glint|Dragonkin|Gravity|Flame|Golden|Draconic|Bestial|Night|Lava|Frenzy|Death|Godslayer|Frost|Aberrant|Bloodflame|Rotten|Storm|Psionic,ThrowingWeapon,Keen
404000,Ash of War: Wall of Sparks,PerfumeBottle,Standard,Standard,Standard,PerfumeBottle,Standard
405000,Ash of War: Rolling Sparks,PerfumeBottle,Standard,Standard,Standard,PerfumeBottle,Standard
406000,Ash of War: Raging Beast,BeastClaw,Keen,Standard|Heavy|Keen|Quality|Fire|Flame Art|Lightning|Sacred|Magic|Cold|Poison|Blood|Occult,Standard|Heavy|Keen|Quality|Glint|Dragonkin|Gravity|Flame|Golden|Draconic|Bestial|Night|Lava|Frenzy|Death|Godslayer|Frost|Aberrant|Bloodflame|Rotten|Storm|Psionic,BeastClaw,Bestial
407000,Ash of War: Savage Claws,BeastClaw,Keen,Standard|Heavy|Keen|Quality|Fire|Flame Art|Lightning|Sacred|Magic|Cold|Poison|Blood|Occult,Standard|Heavy|Keen|Quality|Glint|Dragonkin|Gravity|Flame|Golden|Draconic|Bestial|Night|Lava|Frenzy|Death|Godslayer|Frost|Aberrant|Bloodflame|Rotten|Storm|Psionic,BeastClaw,Keen
409000,Ash of War: Blind Spot,ReverseHandSword,Keen,Standard|Heavy|Keen|Quality|Fire|Flame Art|Lightning|Sacred|Magic|Cold|Poison|Blood|Occult,Standard|Heavy|Keen|Quality|Glint|Dragonkin|Gravity|Flame|Golden|Draconic|Bestial|Night|Lava|Frenzy|Death|Godslayer|Frost|Aberrant|Bloodflame|Rotten|Storm|Psionic,ReverseHandSword,Keen
410000,Ash of War: Swift Slash,ReverseHandSword,Keen,Standard|Heavy|Keen|Quality|Fire|Flame Art|Lightning|Sacred|Magic|Cold|Poison|Blood|Occult,Standard|Heavy|Keen|Quality|Glint|Dragonkin|Gravity|Flame|Golden|Draconic|Bestial|Night|Lava|Frenzy|Death|Godslayer|Frost|Aberrant|Bloodflame|Rotten|Storm|Psionic,ReverseHandSword,Keen
411000,Ash of War: Overhead Stance,GreatKatana,Keen,Standard|Heavy|Keen|Quality|Fire|Flame Art|Lightning|Sacred|Magic|Cold|Poison|Blood|Occult,Standard|Heavy|Keen|Quality|Glint|Dragonkin|Gravity|Flame|Golden|Draconic|Bestial|Night|Lava|Frenzy|Death|Godslayer|Frost|Aberrant|Bloodflame|Rotten|Storm|Psionic,GreatKatana,Keen
412000,Ash of War: Wing Stance,LightGreatsword,Quality,Standard|Heavy|Keen|Quality|Fire|Flame Art|Lightning|Sacred|Magic|Cold|Poison|Blood|Occult,Standard|Heavy|Keen|Quality|Glint|Dragonkin|Gravity|Flame|Golden|Draconic|Bestial|Night|Lava|Frenzy|Death|Godslayer|Frost|Aberrant|Bloodflame|Rotten|Storm|Psionic,LightGreatsword,Quality
413000,Ash of War: Blinkbolt,Dagger|SwordNormal|SwordLarge|SwordGigantic|SaberNormal|SaberLarge|katana|SwordDoubleEdge|SwordPierce|RapierHeavy|AxeNormal|AxeLarge|HammerNormal|HammerLarge|Flail|SpearNormal|SpearHeavy|SpearAxe|Sickle|Knuckle|Claw|Whip|AxhammerLarge|HandToHand|ThrustingShield|ThrowingWeapon|ReverseHandSword|LightGreatsword|GreatKatana|BeastClaw,Lightning,Standard|Heavy|Keen|Quality|Lightning|Sacred,Standard|Heavy|Keen|Quality|Glint|Dragonkin|Gravity|Flame|Golden|Draconic|Bestial|Night|Lava|Frenzy|Death|Godslayer|Frost|Aberrant|Bloodflame|Rotten|Storm|Psionic,AxeLarge|AxeNormal|AxhammerLarge|BeastClaw|Claw|Dagger|Flail|GreatKatana|HammerLarge|HammerNormal|HandToHand|Knuckle|LightGreatsword|RapierHeavy|ReverseHandSword|SaberLarge|SaberNormal|ShieldLarge|ShieldNormal|ShieldSmall|Sickle|SpearAxe|SpearHeavy|SpearNormal|SwordDoubleEdge|SwordGigantic|SwordLarge|SwordNormal|SwordPierce|ThrowingWeapon|ThrustingShield|Whip|katana,Draconic
414000,Ash of War: Flame Skewer,SwordNormal|SwordLarge|SwordGigantic|katana|SwordDoubleEdge|SwordPierce|RapierHeavy|SpearNormal|SpearHeavy|SpearAxe|ThrustingShield|LightGreatsword|GreatKatana,Flame Art,Standard|Heavy|Keen|Quality|Fire|Flame Art,Standard|Heavy|Keen|Quality|Glint|Dragonkin|Gravity|Flame|Golden|Draconic|Bestial|Night|Lava|Frenzy|Death|Godslayer|Frost|Aberrant|Bloodflame|Rotten|Storm|Psionic,GreatKatana|LightGreatsword|RapierHeavy|SpearAxe|SpearHeavy|SpearNormal|SwordDoubleEdge|SwordGigantic|SwordLarge|SwordNormal|SwordPierce|ThrustingShield|katana,Flame
415000,Ash of War: Savage Lion's Claw,SwordNormal|SwordLarge|SwordGigantic|SaberNormal|SaberLarge|katana|SwordDoubleEdge|AxeNormal|AxeLarge|HammerNormal|HammerLarge|Flail|AxhammerLarge|LightGreatsword|GreatKatana,Heavy,Standard|Heavy|Keen|Quality|Fire|Flame Art|Lightning|Sacred|Magic|Cold|Poison|Blood|Occult,Standard|Heavy|Keen|Quality|Glint|Dragonkin|Gravity|Flame|Golden|Draconic|Bestial|Night|Lava|Frenzy|Death|Godslayer|Frost|Aberrant|Bloodflame|Rotten|Storm|Psionic,AxeLarge|AxeNormal|AxhammerLarge|Flail|GreatKatana|HammerLarge|HammerNormal|LightGreatsword|SaberLarge|SaberNormal|SwordDoubleEdge|SwordGigantic|SwordLarge|SwordNormal|katana,Heavy
416000,Ash of War: Divine Beast Frost Stomp,Dagger|SwordNormal|SwordLarge|SwordGigantic|SaberNormal|SaberLarge|katana|SwordDoubleEdge|SwordPierce|RapierHeavy|AxeNormal|AxeLarge|HammerNormal|HammerLarge|Flail|SpearNormal|SpearHeavy|SpearAxe|Sickle|Knuckle|Claw|Whip|AxhammerLarge|HandToHand|ThrustingShield|ThrowingWeapon|ReverseHandSword|LightGreatsword|GreatKatana|BeastClaw,Cold,Standard|Heavy|Keen|Quality|Magic|Cold,Standard|Heavy|Keen|Quality|Glint|Dragonkin|Gravity|Flame|Golden|Draconic|Bestial|Night|Lava|Frenzy|Death|Godslayer|Frost|Aberrant|Bloodflame|Rotten|Storm|Psionic,AxeLarge|AxeNormal|AxhammerLarge|BeastClaw|Claw|Dagger|Flail|GreatKatana|HammerLarge|HammerNormal|HandToHand|Knuckle|LightGreatsword|RapierHeavy|ReverseHandSword|SaberLarge|SaberNormal|Sickle|SpearAxe|SpearHeavy|SpearNormal|SwordDoubleEdge|SwordGigantic|SwordLarge|SwordNormal|SwordPierce|ThrowingWeapon|ThrustingShield|Whip|katana,Frost
417000,Ash of War: Flame Spear,Dagger|SwordNormal|SwordLarge|SwordGigantic|katana|SwordDoubleEdge|SwordPierce|RapierHeavy|SpearNormal|SpearHeavy|SpearAxe|ThrustingShield|LightGreatsword|GreatKatana,Flame Art,Standard|Heavy|Keen|Quality|Fire|Flame Art,Standard|Heavy|Keen|Quality|Glint|Dragonkin|Gravity|Flame|Golden|Draconic|Bestial|Night|Lava|Frenzy|Death|Godslayer|Frost|Aberrant|Bloodflame|Rotten|Storm|Psionic,Dagger|GreatKatana|LightGreatsword|RapierHeavy|SpearAxe|SpearHeavy|SpearNormal|SwordDoubleEdge|SwordGigantic|SwordLarge|SwordNormal|SwordPierce|ThrustingShield|katana,Lava
418000,Ash of War: Carian Sovereignty,Dagger|SwordNormal|SwordLarge|SaberNormal|SaberLarge|katana|SwordDoubleEdge|SwordPierce|RapierHeavy|ThrowingWeapon|LightGreatsword|GreatKatana,Magic,Standard|Heavy|Keen|Quality|Magic|Cold,Standard|Heavy|Keen|Quality|Glint|Dragonkin|Gravity|Flame|Golden|Draconic|Bestial|Night|Lava|Frenzy|Death|Godslayer|Frost|Aberrant|Bloodflame|Rotten|Storm|Psionic,Dagger|GreatKatana|LightGreatsword|RapierHeavy|SaberLarge|SaberNormal|SwordDoubleEdge|SwordLarge|SwordNormal|SwordPierce|ThrowingWeapon|katana,Glint
419000,Ash of War: Shriek of Sorrow,Dagger|SwordNormal|SwordLarge|SwordGigantic|SaberNormal|SaberLarge|katana|SwordDoubleEdge|SwordPierce|RapierHeavy|AxeNormal|AxeLarge|HammerNormal|HammerLarge|Flail|SpearNormal|SpearHeavy|SpearAxe|Sickle|Knuckle|Claw|Whip|AxhammerLarge|HandToHand|ThrustingShield|ThrowingWeapon|ReverseHandSword|LightGreatsword|GreatKatana|BeastClaw,Occult,Standard|Heavy|Keen|Quality|Poison|Blood|Occult,Standard|Heavy|Keen|Quality|Glint|Dragonkin|Gravity|Flame|Golden|Draconic|Bestial|Night|Lava|Frenzy|Death|Godslayer|Frost|Aberrant|Bloodflame|Rotten|Storm|Psionic,AxeLarge|AxeNormal|AxhammerLarge|BeastClaw|Claw|Dagger|Flail|GreatKatana|HammerLarge|HammerNormal|HandToHand|Knuckle|LightGreatsword|RapierHeavy|ReverseHandSword|SaberLarge|SaberNormal|Sickle|SpearAxe|SpearHeavy|SpearNormal|SwordDoubleEdge|SwordGigantic|SwordLarge|SwordNormal|SwordPierce|ThrowingWeapon|ThrustingShield|Whip|katana,Standard
422000,Ash of War: Ghostflame Call,SwordNormal|SwordLarge|SwordGigantic|SaberNormal|SaberLarge|katana|SwordPierce|RapierHeavy|SpearNormal|SpearHeavy|SpearAxe|LightGreatsword|GreatKatana,Cold,Standard|Heavy|Keen|Quality|Magic|Cold,Standard|Heavy|Keen|Quality|Glint|Dragonkin|Gravity|Flame|Golden|Draconic|Bestial|Night|Lava|Frenzy|Death|Godslayer|Frost|Aberrant|Bloodflame|Rotten|Storm|Psionic,GreatKatana|LightGreatsword|RapierHeavy|SaberLarge|SaberNormal|SpearAxe|SpearHeavy|SpearNormal|SwordGigantic|SwordLarge|SwordNormal|SwordPierce|katana,Death
505000,Ash of War: The Poison Flower Blooms Twice,Dagger|SwordNormal|SwordLarge|SwordGigantic|SaberNormal|SaberLarge|katana|SwordDoubleEdge|SwordPierce|RapierHeavy|AxeNormal|AxeLarge|HammerNormal|HammerLarge|Flail|SpearNormal|SpearHeavy|SpearAxe|Sickle|Knuckle|Claw|Whip|AxhammerLarge|HandToHand|ThrustingShield|ThrowingWeapon|ReverseHandSword|LightGreatsword|GreatKatana|BeastClaw,Poison,Standard|Heavy|Keen|Quality|Poison|Blood|Occult,Standard|Heavy|Keen|Quality|Glint|Dragonkin|Gravity|Flame|Golden|Draconic|Bestial|Night|Lava|Frenzy|Death|Godslayer|Frost|Aberrant|Bloodflame|Rotten|Storm|Psionic,AxeLarge|AxeNormal|AxhammerLarge|BeastClaw|Claw|Dagger|Flail|GreatKatana|HammerLarge|HammerNormal|HandToHand|Knuckle|LightGreatsword|RapierHeavy|ReverseHandSword|SaberLarge|SaberNormal|Sickle|SpearAxe|SpearHeavy|SpearNormal|SwordDoubleEdge|SwordGigantic|SwordLarge|SwordNormal|SwordPierce|ThrowingWeapon|ThrustingShield|Whip|katana,Rotten
548000,Ash of War: Igon's Drake Hunt,BowLarge,Standard,Standard,Standard,BowLarge,Standard
800000,Ash of War: Shield Strike,ShieldSmall|ShieldNormal|ShieldLarge|ThrustingShield,Standard,Standard|Heavy|Keen|Quality|Fire|Flame Art|Lightning|Sacred|Magic|Cold|Poison|Blood|Occult,Standard|Heavy|Keen|Quality|Glint|Dragonkin|Gravity|Flame|Golden|Draconic|Bestial|Night|Lava|Frenzy|Death|Godslayer|Frost|Aberrant|Bloodflame|Rotten|Storm|Psionic,ShieldLarge|ShieldNormal|ShieldSmall|ThrustingShield,Standard
